customer_id,customer_name
1,Nicole Adams
2,Andrew Bush
3,Brian Dixon
4,Katherine Stewart
5,Miss Christine Weber
6,Jerry Daniels
7,Timothy Sims
8,Michael Mclean
9,Anita Jefferson
10,Martha Hensley
11,Gregory Clark
12,Kristi Johnson
13,Christopher Miller
14,Chad Robbins
15,Stacie Manning
16,Sarah Anthony
17,Christopher Liu
18,Amanda Kelly
19,Kristi King
20,Bryan Dennis
21,Barbara Barnes
22,George Smith
23,Angela Estes
24,Michaela Lowe
25,Theresa Porter
26,Caitlin Little
27,Ashley Johnson
28,Joan Morse
29,Mary Johnson
30,William Castro
31,Jeff Williams
32,Angela Kelley
33,James Carter
34,Thomas Mitchell
35,Brooke Chan
36,Michael Williams
37,Jonathan Macdonald
38,James Allison
39,Monica Blair
40,Kristin Kline
41,William Taylor
42,Cynthia Johnson
43,Dr. Julie Ramirez MD
44,Brenda Baker
45,Angela Kennedy
46,Rebecca Nicholson
47,Jack Oconnell
48,Michael Morris
49,Marissa Williams
50,Sean Hayes
51,Joe Farrell
52,Melissa Brown
53,Deanna Cummings
54,Kimberly Mcclure
55,Katelyn Levine
56,Jordan Baker
57,Jesus Lane
58,Christopher Prince
59,Jennifer Boyd
60,Amanda Larsen
61,Mrs. Jessica Myers DDS
62,Nicholas Perez
63,Michelle Riley
64,Clinton Miles
65,Karen Gonzalez
66,Pamela Thompson
67,Rita Rich
68,Matthew Miller
69,Gina Merritt
70,Mr. Andrew Hughes
71,David Myers
72,Alexander Gonzalez
73,Nathan Ryan
74,Jeremy Jones
75,William Hall
76,Kenneth Dixon
77,Sean Montgomery
78,William Simmons
79,Amanda Whitney
80,Trevor Hill MD
81,Johnny Monroe
82,Michelle Cruz
83,Elizabeth Roman
84,Brad Barnes
85,Justin Gilmore
86,Alison Blair
87,Jesse Barber
88,Loretta Richardson
89,Stephen Park
90,Whitney Johnson
91,Amy Matthews
92,Tammie Johnson
93,Lisa Wilson
94,Jennifer Dominguez
95,Jacob Steele
96,Jennifer Walsh
97,Allison Hernandez
98,Jason Acosta
99,Tara Brooks
100,Laura Steele
